{
	"Name": "Elite Titans Fix",
	"Description": "Fixes all 4 problems with this: Tone Tracking, Archer Lock-On, Invisible Health Bars and possible crash when they spawn in.",
	"LoadPriority": 2,
	"Version": "1.4.2",
	"Scripts": [
        {
            "Path": "ui/Elite_icon_settings.nut",
            "RunOn": "UI",
            "UICallback": {
                "Before": "EliteIconSettings_Init"
            }
        }
    ],
	"ConVars": [
        {
            "Name": "ns_fd_elite_minimap_icontype",
            "DefaultValue": "0",
			"Flags": 16777216
        },
        {
            "Name": "ns_fd_elite_overhead_icontype",
            "DefaultValue": "1",
			"Flags": 16777216
        }
	]
}