{
	"Name": "Northstar.FD",
	"Description": "",
	"Version": "2.8.10",
	"LoadPriority": 6,
	"ConVars": [
		{
			"Name": "ns_fd_allow_elite_titans",
			"DefaultValue": "1"
		},
		{
			"Name": "ns_fd_allow_true_shield_captains",
			"DefaultValue": "1"
		},
		{
			"Name": "ns_fd_allow_titanfall_block",
			"DefaultValue": "1"
		},
		{
			"Name": "ns_fd_arc_titans_uses_arc_cannon",
			"DefaultValue": "1"
		},
		{
			"Name": "ns_fd_campaign_ticks",
			"DefaultValue": "1"
		},
		{
			"Name": "ns_fd_grunts_uses_grenades",
			"DefaultValue": "1"
		},
		{
			"Name": "fd_grunt_at_weapon_users",
			"DefaultValue": "1"
		},
		{
			"Name": "fd_grunt_shield_captains",
			"DefaultValue": "1"
		},
		{
			"Name": "ns_fd_visible_drop_points",
			"DefaultValue": "1"
		},
		{
			"Name": "ns_fd_easymode_smartpistol",
			"DefaultValue": "0"
		},
		{
			"Name": "sv_spectre_rodeo_reset",
			"DefaultValue": "1",
			"HelpString": "Allow Spectres to try rodeoing Titans again after successful attempt."
		 },
		 {
			"Name": "sv_spectre_rodeo_reset_time",
			"DefaultValue": "3",
			"HelpString": "Time before Spectre start trying to rodeo Titans again after successful attempt."
		 },
		 {
			"Name": "sv_spectre_rodeo_allow_friendly",
			"DefaultValue": "1",
			"HelpString": "Allow Spectres with battery to rodeo friendly Titans."
		 },
		 {
			"Name": "sv_spectre_rodeo_nuke_grenade",
			"DefaultValue": "1",
			"HelpString": "Spectres will always use Core Overload grenades when rodeoing."
		 },
		{
            "Name": "ns_fd_elite_minimap_icontype",
            "DefaultValue": "1",
			"Flags": "ARCHIVE_PLAYERPROFILE"
        },
        {
            "Name": "ns_fd_elite_overhead_icontype",
            "DefaultValue": "1",
			"Flags": "ARCHIVE_PLAYERPROFILE"
        },
		{
			"Name": "embark_style",
			"DefaultValue": "0",
			"Flags": 640
		},
		{
			"Name": "ns_progression_enabled",
			"DefaultValue": "0",
			"Flags": "ARCHIVE_PLAYERPROFILE"
		},
		{
			"Name": "ns_server_idle_time_refresh_max_time",
			"DefaultValue": "240"
		},
		{
			"Name": "ns_use_phase_fix",
			"DefaultValue": "1"
		},
		{
			"Name": "ns_ronin_fair_phase",
			"DefaultValue": "0"
		},
		{
			"Name": "ns_fd_min_numplayers_to_start",
			"DefaultValue": "1"
		},
		{
			"Name": "ns_fd_infantry_at_weapons",
			"DefaultValue": ""
		},
		{
			"Name": "ns_fd_grunt_primary_weapon",
			"DefaultValue": ""
		},
		{
			"Name": "ns_fd_grunt_grenade",
			"DefaultValue": ""
		},
		{
			"Name": "ns_fd_spectre_primary_weapon",
			"DefaultValue": ""
		},
		{
			"Name": "ns_fd_disable_respawn_dropship",
			"DefaultValue": "0"
		},
		{
			"Name": "ns_reaper_warpfall_kill",
			"DefaultValue": "1"
		}
	],
	"Scripts": [
		{
			"Path": "ai/_ai_elite_titans.nut",
			"RunOn": "SERVER && MP"
		},
		//{
		//	"Path": "/ai/spawnNPC.nut",
		//	"RunOn": "( SERVER ) && MP",
		//	"ServerCallback": {
		//		"After": "AddCommandsNPC"
				
		//	}
		//},
		{
			"Path": "sh_progression.nut",
			"RunOn": "UI || SERVER || CLIENT",
			"ServerCallback": {
				"Before": "Progression_Init"
			},
			"ClientCallback": {
				"Before": "Progression_Init"
			},
			"UICallback": {
				"Before": "Progression_Init"
			}
		}
	]
}